322	I need to get a scheduling for covid 19 very sick shot 3
322	are you open 2004 hours for vaccine
322	scheduled for vaccine to
322	I need an appointment for the covid Vaccine
322	scheduled vaccine Appointment
322	need to get booster shot vaccine booster vaccine
322	covid vaccine
322	confirm my covid vaccine appointment
322	I need to schedule or vaccine
322	vaccine schedule in
322	schedule a vaccine booster
322	I want to confirm my vaccination appointments for this evening
322	scheduled vaccine
322	covid vaccine for Pfizer
322	what's the scheduled for a vaccine
322	I need to re schedule a vaccine
322	what vaccine boosters do you have
322	scheduled covid vaccine in January
322	vaccine schedule
322	scheduled covid vaccine shot
322	I want to schedule booster work called it and get a flu shot
322	oh covid vaccine boosted appointment
322	I would like to schedule an appointment for vaccine
322	vaccine nations appointment
322	scheduling the vaccine
322	can I get a booster vaccine today
322	I like to get a call back at the end of the vaccination
322	I want to schedule for vaccine
322	reschedule 8 covid at vaccine
322	scheduling for booster vaccine
322	vaccination schedule
322	receive a vaccine booster
322	schedule a vaccine
322	schedule second vaccine
322	check eligibility for vaccine booster
322	I want to bring my daughter and to get her clothes vaccine
322	scheduled covid chart and flu shot
322	schedule a booster vaccine
322	what vaccine do you have for covid
322	scheduling vaccination appointment
322	I need to see if I can change my second vaccination the covid 19
322	covid 19 vaccination
322	covid vaccine do you have
322	like to schedule us a vaccine
322	scheduled appointment for vaccine
322	vaccination for covid
322	scheduled for flu shot
322	do you have any available covid vaccine thanks for today
322	scheduled covid vaccine
322	availability all vaccine booster shot
322	confirm a vaccine appointment
322	scheduling add up a vaccine all
322	schedule a vaccine appointment
322	what type of covid vaccine do you offer
322	I need to schedule a covid 19 close the shot
322	I need to schedule an appointment for my child correct the covid vaccine
322	reschedule vaccine appointment
322	change scheduled for covid 19 vaccine
322	scheduled booster vaccine
322	Covid the vaccine sure
322	I would like to schedule a booster and the flu shot at the same time
322	I need make appointment for vaccination
322	I want to schedule an appointment for a covid vaccine shot
322	vaccine booster
322	I like to set up a plan to give the vaccinations
322	cooking covid vaccine been
322	I'd like to schedule a call it appointment for a covid shot
322	reschedule a covid shot
322	scheduling appointment for a vaccine
322	scheduling covid shot
322	schedule an appointment for a vaccine
322	on the internet I travel vaccinations for covid
322	book covid vaccine
322	I want to schedule a vaccine Abu for vaccine
322	I'm schedule and covid 19 vaccine
322	schedule a flu shot and covid shot
322	scheduled for vaccine booster
322	Cancel vaccine
322	covid 19 vaccine scheduling
322	I need to re schedule my son second dose of covid vaccine
322	Vaccine cancellation
322	I have a appointment to get my second vaccine shot but I got covid in between the time I got the first one so when can I get my second one
322	a schedule an appointment for covid 19 what's the shot
322	I'd like to schedule an appointment for my vaccine
322	back vaccine for booster shot
322	I would like to know if there is a booster vaccine from me today
322	give me a booster shot and the flu shot
322	scheduled vaccine for booster shot
322	I have 8 appointment scheduled to get at the store but I don't have my vaccine card
322	yes supposed to come in for a second vaccination and I'm running late what should I do
322	I would like to vaccination covid
322	schedule a vaccination booster
322	schedule a second vaccine for covid
322	booster shot of 50 vaccine
322	I want to schedule a vaccine booster shot it's
322	has been Y. vaccine appointment
322	my name is scheduled to code covid vaccine second dose
322	I have a question about a covid 19 vaccine
322	need to set up a appointment for Is the vaccine
322	appointment for vaccine please
322	Do I need to schedule an appointment or receive a covid shot
322	I have to reschedule the second dose of the visor covid 19 shot
322	I'd like to schedule for a booster vaccine
322	I would like to schedule an appointment for covid 19 vaccination shot
322	Is the vaccine the booster vaccine 3
322	I want to make an appointment for my covid vaccine
322	should you vaccine booster such
322	booster vaccine
322	when is my vaccination appointments
322	hi I made an appointment to have cents hi vaccination I and then hello
322	I want to make appointment for flu shot
322	how how later you open for covid vaccination
322	I need to schedule a covid ship vaccine
322	booster will be vaccine blues Do steps
322	covid vaccine availability
322	what the latest time I can com for my covid vaccine shot
322	schedule a Pfizer vaccine
322	schedule vaccines will booster
322	I need to find out the date of a covid 19 vaccination that was scheduled for me
322	I want to schedule an appointment and find out which vaccine for a booster C. B. S. is giving
322	schedule appointment for the vaccine
322	scheduled vaccine to stir
322	a vaccine booster
322	I want to schedule a vaccine
322	how do I schedule a vaccine
322	scheduled covid shot
322	like to get the the booster vaccine
322	I need to schedule covid vaccine
322	make an appointment for my son second vaccine
322	I need to schedule a vaccination
322	I need to schedule an appointment for vaccine tests are for a covid test
322	I would like to schedule an appointment for an 8 year old A. P. at pediatric vaccine
322	vaccine booster scheduling 7
322	make a booster vaccine Appointment
322	covid 19 vaccine
322	scheduled vaccine good to vaccine
322	I'd like to schedule appointments with to give the vaccinations at the shot
322	vaccination with third booster 5
322	I want to schedule an appointment for a covid 19 digit shot
322	help with scheduling of covid vaccine
322	I need to get a rapid covid vaccine
322	schedule a covid vaccine test
322	published a vaccine shot of covid
322	I'm wondering if I am eligible for the booster shot I've been vaccinated but bye bye the Chinese vaccine
322	scheduled a vaccine
322	Appointment full booster vaccine
322	vaccine appointment please
322	hi covid vaccine appointment
322	I want to schedule a vaccination booster
322	I have a question about covid vaccine appointment
322	Covid vaccine schedule one
322	I want to make decisions for the bus in it for vaccination
322	hi I tried making a who's your appointment for the vaccine C. shot on my phone and I want to check and make sure 139
322	schedule a booster and a flu shot
322	schedule an appointment for vaccine
322	complete vaccine booster
322	scheduled for a booster vaccination
322	how do I vaccine appointment
322	I want to make an appointment for my brother to get vaccinated
322	why did you cancel my vaccine schedule
322	appointment for covid vaccine
322	covid 19 schedule an appointment for a covid shot J. Johnson Johnson
322	schedule a vaccine a booster
322	I want to schedule a covid 19 shot
322	I would like to make an appointment for a vaccination
322	does your vaccine appointment
322	I need to schedule for a flu shot
322	second vaccination call user
322	I tried to schedule a vaccine and then it was canceled
322	schedule flu shot
322	I need to schedule a covid vaccine
322	I would like to get a covid vaccination shot
322	a covid 19 vaccine questions
322	I received another approved vaccine and I need to booster shot
322	so to a vaccine appointment
322	you like to get schedule from vaccine
322	I want to get my third vaccine booster
322	hold a vaccine appointment
322	thank you check on vaccination schedule
322	I'm calling disco 0 and check on my scheduled appointment for covid 19 vaccination
322	set up a vaccine appointment and also a test
322	the covid vaccine
322	I'd like to schedule a booster vaccination
322	scheduling vaccine
322	I wanted to know what the procedure what for scheduling a vaccine if you if there's availability on December 17 in the afternoon for my husband and 9
322	and what scheduled vaccine for my daughter
322	reschedule vaccine
322	scheduled covid 19 vaccination
322	confirm vaccine Appointment
322	scheduling of multiple people for vaccine
322	vaccine booster for Canadian
322	can you of covid 19 vaccine
322	vaccination scheduling
322	cool thank vaccine booster
322	I need to re schedule my second vaccine for covid
322	well vaccination gone
322	has the covid vaccination
322	I want to schedule a covid vaccine
322	I need to know to make an appointment for a vaccination flu vaccination
322	check on a scheduled vaccine
322	scheduled booster vaccination
322	I want to confirm an appointment for a covid vaccine
322	I would like to are tested and and get the booster vaccine
322	I need I need a covid vaccination shot
322	scheduled vaccine booster
322	reschedule covid vaccine
322	Austin for vaccine booster
322	all right be late for vaccine appointment
322	making an appointment for a covid vaccine
322	let's see the covid vaccine
322	set I want to schedule in the vaccine
322	I need to schedule an appointment for a covid first shot
322	one type it flu shot
322	yes I would like to make an appointment to get the Pfizer covid vaccine do you have any appointments for tomorrow
322	schedule a vaccination
322	scheduling for a vaccine
322	scheduled vaccine shot
322	schedule a covid shot
322	vaccination booster shot
322	schedule booster vaccine today
322	reschedule second vaccine
322	can I schedule a vaccine booster shot
322	I want to schedule schedule vaccine
322	I need to re schedule a second dose of the covid vaccine
322	I'm scheduled for a vaccine on Wednesday at 630 this coming Wednesday
322	scheduled for vaccine
322	you ran out of vaccines and told me to come back at 2:00 PM for my appointment which was earlier today do you have the vaccine in yet
322	vaccinations please booster
322	I need to confirm my appointment for covid 19 shot
322	reschedule vaccination
322	says well booster vaccine
322	scheduling for vaccine
322	I'd like to schedule a covid vaccine I'm a flu shot
322	I would like to schedule a vaccine shot
322	to help the Pfizer vaccine for boosters
322	scheduled for vaccine chart
322	to schedule a vaccine
322	schedule for the vaccine
322	schedule pediatric vaccine
322	calling about the vaccine booster shot
322	I want a vaccine be so appointment this week
322	schedule of those 2 vaccination
322	back vaccine booster
322	I'm looking to schedule a vaccine
322	vaccine appointment and because one
322	schedule a covid vaccination
322	find out about availability and scheduling for covid shots
322	get the vaccine the booster vaccine
322	scheduling a covid shot
322	change covid vaccine fine
322	I would like to get my vaccine booster
322	I need to change an appointment for covid vaccine
322	schedule a poster vaccine
322	to schedule a vaccine appointment
322	what type of covid vaccine are you offering
322	appointment for the vaccine for covid
322	schedule a vaccine booster shot
322	schedule covid vaccine
322	schedule a covid vaccine appointment
322	vaccine scheduling
322	I need to know I need to make a an appointment for booster boxing covid vaccine
322	vaccinations covid vaccination
322	schedule an appointment for my covid shot
322	I need to schedule both vaccine and PDF the fact being
322	cancel a vaccine appointment
322	schedule an appointment for vaccine covid vaccine
322	make an appointment for a covid shot
322	to schedule a vaccination
322	I needed to schedule an appointment for the vaccine
322	vaccine Appointment
322	scheduled vaccine scheduled vaccine
322	covid vaccine shot
322	get the vaccine booster shot
322	I had tried to schedule an booster vaccine
322	what vaccine booster do you offer
322	I'm good thank you scheduled for Y. V. I. covid 19 vaccination
322	scheduled and a vaccine appointment
322	proof of booster vaccination
322	what time can you get the flu shot what time can you get the covid the booster shot tomorrow is
322	scheduling of 0 appointment for vaccine
322	schedule a vaccine for covid
322	schedule a booster vaccine appointment
322	cancel appointment for vaccine
322	make appointment for covid 19 proof the shot
322	I need a covid vaccine shot
322	I need to schedule a second covid shots
322	scheduled vaccine shot I'll booster shot
322	welcome covid vaccine
322	schedule a covid 19 Moderna vaccine appointment
322	what booster vaccine is available
322	vaccine appointments
322	get a booster the vaccine for
322	scheduled covid vaccine due to
322	I got a question with covid vaccine eligibility
322	I would like to schedule my vaccination I was still a call
322	questions about vaccine test appointment
322	scheduled vaccine for me my wife
322	I need to cancel my covid shots
322	if you already had covid how long do you have to wait before you can get the vaccine
322	schedule a vaccine test
322	scheduling the coronavirus vaccines
322	cancel appointment for vaccine the test
322	cancel a vaccination Appointment
322	Covid vaccine
322	I schedule a vaccine
322	scheduled vaccine Covid
322	I need to re schedule a second shot for the covid Vaccine
322	eligibility for the booster vaccine
322	thank you get schedule for a booster vaccination
322	I need a vaccination for the and 9 year old
322	check on the appointment for vaccine
322	check in for covid vaccinations
322	oh vaccine nation appointment
322	change vaccine schedule
322	I want to know if my daughter is still scheduled for vaccine this coming Saturday December 18
322	do you offer covid 19 vaccinations to Canadians
322	scheduled for vaccination
322	covid vaccine should be in
322	question about vaccine Appointment
322	I have a covid vaccine appointment
322	schedule a covid vaccine
322	can I schedule an appointment for vaccine
322	why was my vaccine cancelled
322	schedule a covid 19 vaccine so shot
322	schedule S. covid shot
322	like to make an appointment for vaccine
322	schedule a booster vaccine shot
322	availability for vaccine booster
322	I would like to 60 Jr my vaccine
322	I want an appointment for a covid 19 vaccine
322	my 8 covid vaccine appointment
322	scheduled vaccination
322	I need to schedule an appointment to get a booster vaccine shot for covid
322	I need to reschedule my son's second covid vaccine shot
322	schedule a vaccine scheduled for vaccine
322	what made appointment to get vaccinated
322	availability for covid vaccine
322	I want to schedule my booster vaccine
322	all reschedule vaccination
322	make an appointment for the flu shot add covid shot
322	I want to schedule covid booster vaccine
322	I need to schedule covid vaccination
322	scheduling an appointment for a vaccine
322	can I please talk to a local representative 41 the target I need to ask you what are vaccines
322	how late in the afternoon can I schedule a covid shot
322	scheduled vaccine coughing 19
322	because of the vaccine booster
322	the covid vaccine scheduling
322	schedule a booster to the vaccine
322	what covid vaccine is do you have
322	I need to know what kind of a booster is do you have what kind of which vaccines
322	I need information if the covid 19 vaccine is free
322	oh covid vaccine booster appointment
322	I need to schedule a vaccine
322	can I book team for vaccine today
322	scheduling an appointment for a covid vaccine and
322	schedule of vaccine
322	checking scheduling availability for a vaccine
322	all scheduling for a vaccine
322	scheduling vaccine Sir
322	Do you give the U. booster vaccine please
322	I am running late for my appointment for the vaccine
322	I need to make an appointment for my daughter and for my son Corp code vaccinations
322	scheduling a vaccine
322	I want to schedule a vaccine I mean a covid test
322	I'd like to schedule an appointment for a vaccine
322	my vaccination appointment for December 27 at 11 A. M. was cancelled
322	cancel a vaccine
322	covid vaccine schedule
322	when is my coping vaccine boast her appointment
322	scheduling a vaccine booster on December 21
322	can I get a booster shot within 6 months from having the second vaccine
322	I would like to book a covid 19 booster vaccine Appointment
322	I want to make an appointment the vaccine
322	make an appointment for vaccine
322	would like to schedule a covid shot
322	thank you scheduling a vaccine appointment
322	I would like to schedule to get vaccines
322	schedule second vaccine shot
322	schedule vaccination
322	scheduled for covid 19 vaccine
322	I was wondering if I already have the vaccine wait to book please 2 of the 5 resorts is it pointless to get the booster or so to get the booster as well
322	well I schedule a vaccine
322	I want to covid 19 vaccination
322	trying to schedule pollution vaccine
322	how do I reschedule covid vaccine
322	schedule booster vaccine
322	Covid 19 vaccines 7
322	schedule by user booster vaccine
322	Information on covid vaccination
322	do you need an appointment to get a vaccine
322	would I be able to get the vaccine today after work
322	make an appointment for a covid vaccine
322	I have a covid scheduled for Tuesday the 20 first at 7:00 PM I'd like to add on the flu shot but that's okay
322	I want to schedule a vaccine coming vaccine for 2 children
322	schedule a vaccine for my children
322	scheduled vaccines
322	I schedule a vaccine appointment
322	are there any covid foods here vaccine available today
322	need to schedule a covid vaccine
322	Covid Gupta vaccine
322	I need a flu shot
322	can I go earlier for my covid shots
322	they receive the covid vaccine couple months ago I need to know the lot number
322	which back saying do you have which covid vaccine doing an
322	okay I want to schedule a covid 19 shot
322	hi can I book my vaccine
322	I need to schedule a 50 Colby vaccine for today
322	scheduled back and vaccine booster
322	vaccine appointment scheduling
322	I want to set up an appointment for the flu shot
322	make vaccination appointment
322	confirming appointment tonight for vaccine
322	scheduling in a vaccine appointment
322	can you schedule a vaccination R.
322	I would like to make an appointment for us Providence street for a booster vaccine
322	set of covid 19 vaccination appointments
322	hi can I come in and get a vaccine tomorrow first time
322	I need to schedule a vaccine Utah
322	make appointment for the vaccine
322	covid 19 vaccine appointment
322	I like to know when the schedule I'll vaccine the covid
322	do you vaccination appointments give the shot
322	I want to schedule to a vaccine appointment
322	are you all doing free vaccinations for covid
322	scheduling of the vaccine
322	appointment for the vaccine
322	covid 19 vaccination for my
322	booster and flu shot
322	I need to schedule a booster vaccine
322	reset reschedule covid vaccine
322	I want to schedule a vaccine for 2 people
322	need to reschedule covid vaccine
322	I wanna make an appointment for my vaccine for through
322	I want to get the vaccine the covid vaccine today
322	Do I need to schedule an appointment for a covid shot
322	schedule of vaccines
322	we scheduling vaccine
322	scheduled a vaccine shot
322	scheduled covid shots
322	how much does the covid vaccine called
322	I would like to schedule a vaccine appointment for December 17
322	I want to get my called for covid vaccine H.
322	get a vaccine booster
322	I'd like to schedule an appointment for covid vaccination
322	I'd like to schedule a vaccine booster
322	schedule a booster shot vaccine
322	it's new schedule a vaccine appointment
322	Appointment 4 for vaccine
322	like a vaccine appointment
322	vaccine booster shot
322	I would like to come in for a vaccine I'm in I would like to come in for a covid test
322	I want to set up an appointment for a vaccine
322	I need to make an appointment for my husband for his second covid 19 shot
322	scheduling covid vaccine
322	can I schedule a pediatric covid 19 vaccine
322	covid vaccine will cents
322	I need to schedule my son's vaccine shot
322	someone canceled my vaccine appointment
322	I need corona test and also booster Ted booster the vaccination
322	Covid is vaccine
322	vaccination Appointment
322	I'd like to get the booster vaccine
322	I need to talk to someone about a charge for a of covid vaccine jet
322	I'd like to schedule my vaccine
322	scheduling vaccines booster
322	reschedule my vaccine appointment
322	covid vaccine record
322	change my vaccine appointment
322	Cancel vaccine appointment
322	I would like to schedule a covid 19 vaccine
322	I need to cancel my appointment for vaccine
322	vaccines scheduling
322	yes covid 19 vaccines will
322	can another person be scheduled at the same time for a vaccine shot
322	oh let new 80 have the booster shot for the buy down the vaccine
322	cooking covid vaccine
322	husband and wife need to schedule booster vaccination
322	confirm vaccine appointment time
322	schedule pediatric covid vaccination
322	I'd like to schedule a booster vaccines
322	I have an appointment for the vaccine
322	schedule a vaccine booster appointment
322	what time can I get the vaccine
322	I would like to schedule an appointment for the covid 19 vaccination
322	scheduled a covid vaccine
322	I need an appointment to get a third vaccine next shot we're 88 years old
322	covid vaccination record not see an at
322	scheduled vaccination for covid for a 15 year old
322	earliest appointments for covid vaccine
322	I want to know one when can I and I woke on gets vaccinated a shop
322	what covid vaccine shot is available let's see at this location
322	thanks a booster vaccine
322	in need information on getting a booster shot for the vaccine
322	schedule a vaccine shot
322	cancel a vaccination appointments
322	need a covid vaccination for 12 year old grandson
322	change vaccine appointment
322	can I schedule a vaccine for child today
322	scheduled booster vaccine hi
322	schedule vaccinations and booster
322	oh I'm calling to find out how soon you can get a vaccine parts having called it
322	yes schedule to schedule a call rate vaccine booster
322	Covid 19 vaccines
322	sure Unicode vaccine shop booster Do
322	make an appointment for the vaccine
322	schedule an appointment for the vaccine
322	a covid 19 vaccine availability
322	covid vaccine scheduling
322	to schedule a vaccine shot
322	I went on line to schedule a vaccination appointments and I'm calling to confirm that it is scheduled for December 27 at 630 P. M.
322	read schedule second covid vaccination
322	confirm covid vaccine appointment
322	want to schedule a vaccine
322	the covid 19 vaccination
322	I need to cancel a vaccine appointment
322	scheduling of that vaccine Appointment
322	I want to schedule an appointment for vaccine boots
322	reschedule second vaccine appointment
322	I want to schedule a covid booster vaccination at your beach one Avenue store
322	scheduled a covid 19 vaccine
322	checking availability for vaccination for covid
322	I like to schedule a pediatric fact of the vaccine and second shot
322	scheduling a booster vaccine
322	Vaccine booster
322	I'd like to schedule a back booster vaccine please
322	questions of covid vaccine that
322	schedule a vaccine te now schedule a test
322	schedule a covid 19 vaccine
322	vaccine schedule on
322	Peter appointment for vaccine
322	scheduling a covid 19 vaccine
322	schedule a appointment to get the booster shot in the flu shot
322	see about scheduling the vaccine shot
322	I have a question about my vaccine appointment
322	covid 19 vaccine questions
322	schedule a vaccine for my child
322	scheduled covid vaccination
322	schedule appointment for vaccine
322	I want to cancel vaccine appointment
322	scheduled for our vaccination
322	how late are they giving out the vaccine
322	I want to get the covid vaccine
322	I need to speak with someone about timing of the covid vaccine
322	thank you get a scheduled to get a vaccine
322	I need a covid vaccine for myself and my husband
322	I want to schedule a covid vaccination for the third one
322	schedule vaccine
322	I'd like to schedule a a vaccine booster vaccine
322	I want to schedule a covid vaccine appointment
322	I need to schedule an appointment for the covid 19 vaccine
322	scheduled by the vaccine at Oakland 
322	schedule a flu shot
322	schedule a booster vaccine Pfizer Pfizer booster
322	I need to cancel a covid vaccine
322	I want to schedule appointment for call with covid 19 shot
322	scheduled appointment for vaccination
322	scheduled vaccination boosters
322	confirming vaccine appointment
322	schedule a flu shot for my wife and myself
322	Cancel vaccination
322	a covid vaccine
322	all of scheduled for vaccine
322	schedule a Kobe covid vaccine
322	schedule appointment for covid vaccine
322	scheduled covid vaccine appointment
322	reschedule vaccination appointments
322	what's an appointment scheduled vaccine
322	I would like to know if you need to schedule to get the vaccine
322	scheduled appointment for both start vaccine
322	Covid shot scheduling
322	I need to schedule a vaccine booster
322	code 19 vaccination appointments
322	scheduling appointment for it covid vaccine for kids
322	double appointment to get my vaccine
322	I want to schedule the booster vaccine
322	scheduled for vaccine test covid test
322	looking for a vaccine booster
322	why did my vaccination get cancelled
322	scheduled service of covid scheduled covid vaccine
322	confirming a vaccine appointment a booster
322	download Vaccine booster
322	Do I have 8 Kappa covid vaccination appointments
322	Vaccine Madonna booster
322	schedule a vaccine into
322	I'm calling to find out when can I get vaccination for my child even tested positive in September
322	I want to make an appointment for the books of the vaccine
322	um I have questions on the covid vaccine
322	booster vaccine booster shot
322	appointment for vaccine
322	schedule a booster shot book Pfizer vaccine
322	vaccine a booster
322	reschedule an appointment for vaccine
322	I schedule pediatric second dose covid vaccine
322	make well scheduled for 2 people for vaccine covid vaccine
322	as good through an appointment for the vaccine
322	I want to know if take a while T. N. for your booster N. flu shot
322	question on vaccine booster eligibility
322	my vaccine is scheduled the wrong time
322	schedule third covid and vaccine
322	schedule an appointment for a covid vaccine
322	reschedule vaccine Appointment
322	booster vaccination
322	I need to let the pharmacist or whoever is administering the vaccine I will be a little it
322	scheduling a vaccine appointment
322	middle of vaccination
322	a covid 19 vaccine schedule
322	I need to re schedule a vaccine appointment
322	to schedule a covid vaccine shot
322	yeah I have already scheduled my covid 19 shot appointment what I want to change it from model not the sizes
322	cancel the booster vaccine
322	scheduling of booster vaccine booster
322	I would like to schedule a vaccination shot
322	scheduled vaccine booster shot
322	I need to schedule a call with vaccine K.
322	schedule an appointment for a vaccination
322	schedule a vaccination Appointment
322	schedule sect can covid 19 shot for child
322	question about vaccine appointment 2 J.
322	scheduled vaccine Appointment
322	schedule a vaccine booster
322	scheduled vaccine
322	scheduled appointment for vaccine
322	scheduled covid vaccine
322	schedule a vaccine appointment
322	scheduled booster vaccine
322	vaccine booster
322	schedule an appointment for a vaccine
322	Cancel vaccine
322	I want to schedule a vaccine
322	schedule an appointment for vaccine
322	scheduled vaccine booster
322	reschedule covid vaccine
322	schedule a vaccination
322	vaccine scheduling
322	scheduled vaccine booster shot
288	get a covid test
288	thank you do covid testing
288	looking for covid Test results
288	if I was around somebody yesterday and today they were tested positive for covid if I get a home to
288	can I make a covid test
288	covid 1919 Test
288	covid testing rapid test
288	hi I need to know the results of a covid test for my daughter
288	I would like to do a covid test
288	by a covid test
288	need a covid test
288	Rapid covid test
288	I need to double check before I am going to overseas company 19 I did it twice I did this taking shot from covid 19
288	Cancel covid Test
288	back add that I had covid test
288	I wanna do it this a covid test
288	thank you guys charge for covid testing
288	I want to know about taking a covid test
288	I need to get a nasal P. C. R. covid test
288	I need a covid test
288	I need to fax my covid results to a doctor's office
288	are you giving the rapid covid 19 test at C. B. S.
288	I would like to be tested for Covid
288	thank you take a covid test Rapid for the test
288	I would like to get tested for cold covid 19
288	covid testing
288	question regarding covid testing
288	please tell over the counter covid test kit
288	question on covid testing
288	result of covid 19 by email
288	I'm not get tested for covid today 9
288	Do you test for covid
288	we are looking for a covid 19 Test
288	open for covid testing
288	covid test
288	how do I go about a covid 19 Test
288	I need to get a covid 19 test with same day results can you do that at 
288	at home covid testing
288	get a covid test results
288	take a covid test
288	looking for covid testing
288	I need to get a covid back a covid test for my son
288	I want a test still the covid
288	covid 19 test
288	where do I go to get the covid test when I get here
288	how fast is the covid test results
288	Cost of covid test
288	what does it cost 31 anything the getting tested for Covid
288	questions about covid test
288	Covid Rapid testing
288	does have in home covid test
288	verify this covid test
288	trying to get a covid test
288	how much is covid testing
288	we've been exposed to someone that had covid so when should we come in to get tested
288	how much is the rapid test
288	I would like to know we don't go online to get up at set up with testing for covid can you connect me in another way
288	when can I get a covid test
288	covid test kit
288	I'm Tina back to take the covid test today
288	questions regarding covid test
288	New still covid home test
288	covid test 9
288	so it'll store covid 19 test
288	all I did the tested for Covid
288	my son got it covid and I have some questions about a medication
288	at home covid test
288	does Carey home Rapid Test for covid
288	home covid testing
288	what cost the test
288	thank you the covid test
288	long does it take to get a covid test results
288	covid 19 test kit
288	Cost of testing
288	what type of covid testing is this facility provide
288	I'd like to know how I go about getting a test of covid
288	Rapid covid 19 test
288	I've got to set up a covid test
288	I'd like to be tested for the covid
288	set up a covid test
288	information of a covid testing
288	thank covid test
288	I want to get tested for the covid that doesn't help
288	to a covid test
288	requesting a covid test
288	thank you for covid test
288	I'm trying to get tested for covid
288	a covid test
288	a covid testing
288	how much is covid rapid test
288	reserve a covid test free Register 70
288	I need exactly covid 19 Test
288	question about R. T. P. C. R. Covid swat test
288	covid results
288	all right I would like a covid test
288	week drive through or do we code and for a covid test
288	thank a covid test
288	covid testing for trouble
288	I want to know if you get the covid and such and test
288	I'm wondering if your target cells at home covid test
288	availability of at home Covid 2
288	how much is R. covid test
288	test for covid
288	covid testing Rapid testing
288	that's still a covid test
288	can I get tested for covid better
288	Covid Test
288	I'm V. a covid test
288	I'm wondering if I can get a covid 19 test at the store and when I could get the results
288	take on covid test
288	you didn't covid test
288	I need a rapid covid test
288	I want to take a covid test
288	should be on the covid testing
288	covid testing Matt
288	need a rapid response covid test
288	graphic covid test
288	is the covid testing 3
288	I'd like to find out if I can get a covid test I have already had my 3 shots 2 shots in a booster I need the test to see if I have covid
288	I need to avoid covid test
288	I need to get a covid tested
288	a home covid test
288	available covid test
288	how do you get tested for covid
288	wanting to get covid tested
288	rapid test for covid
288	how much does a covid test Cost
288	Do deployment for covid
288	Covid tested
288	covid 19 testing
288	information about covid testing
288	I need to know about 4 can covid test
288	I want to know how long a covid test takes
288	who questions about covid 19 testing
288	does do testing for covid vaccine
288	I want to get a covid test it
288	I need an idea can I get a test a covid test
288	I get a covid test
288	hi I would like to check for testing covid 19 testing
288	covid testing Information
288	Ohio question regarding covid test please may I talk to them E. as in
288	get covid testing
288	I need a P. C. R. covid test
288	how much is a covid testing
288	covid test for the
288	where can I get a covid testing
288	I want to know if there's home covid tests available available at 
288	for covid testing
288	colonel covid test
288	I would like to know if you guys are tested for Covid
288	Covid testing
288	cost of your tests
288	all right testing for covid
288	my husband needs covid 19 rapid Kerr
288	eligibility for covid test
288	hi test has the C. lake P. C. R. covid test
288	looking for a covid test
288	I would like to the if you are R. exposed to covid
288	I was with a covid test
288	covid 19 tests
288	Rapid covid 19 Test results
288	do you have any over the counter covid tests available
288	covid test B. R. C. test
288	I'm checking on availability of home covid testing
288	like to find out where my covid test stands on being finished
288	does due covid testing
288	Covid 9 T. N. virtual Test
288	Is covid test free
288	for covid test
288	this covid test on Christmas day
288	I like to get a covid test
288	can you get a covid test at pharmacy
288	I want a covid 19 shot Test
288	sh 0 covid Test
288	I like to get a test for covid 19
288	I want to get a covid test
288	I have questions about a covid 19 rapid antigen test
288	covid testing information
288	and covid test
288	what are my result covid 19 results
288	questions about covid testing
288	covid test results
288	Is covid testing
288	Information up up a covid test
288	how soon before I get tested for covid after being accepted
288	correct the covid test notes for
288	Is covid testing 3
288	tests covid 19 test
288	I'd like to come in and be tested for Covid
288	given a covid test kit
288	I need to take a covid test
288	like to get a covid test
288	covid test good even
288	rapid covid rapid test
288	checking to see if you have covid 19 testing kits
288	I need to get my daughter tested for Covid
288	do you have any about the covid test
288	I'll call covid testing
288	what covid 19 testing is available at 
288	can I get a covid 19 plus T. test please
288	I need to see if I can get a covid test
288	I need a covid 19 tests
288	well the covid testing
288	the test for covid
288	a covid testing home testing test
288	how much is the cost for the test
288	request a covid test
288	I want to have a covid test
288	rapid covid test
288	I would like to get a rapid test for covid 19
288	I need to get a covid back T. N. or a covid test
288	I need to E. ship date for the covid results Test
288	all covid testing
288	can you give her 6 year old a covid test
288	Is of a Y. E. approved covid testing site
288	looking to get a test a rapid test of covid
288	do offer is in a A. T. covid testing
288	I would like to get testing for covid
288	checking on a covid getting a covid test
288	I would like to get a covid test
288	one of covid rapid test
288	I need covid information for children that 11 years old on the 12
288	I want to know about the covid testing close for your
288	any covid test
288	I need a copy of my covid results
288	covid 19 results
288	rapid covid testing
288	questions about testing covid
288	testing Covid 15
288	are you testing for covid 19 at the site
288	all I need a covid test today
288	questions about the covid test
288	come in for covid test
288	I need to get I need to get tested for covid
288	I like to get our a covid check
288	I need to get a covid test
288	Covid home test kit
288	in home covid test
288	it requested for a Test covid test
288	Covid quick test
288	covid 19 the rapid test
288	I need a test of covid 19
288	covid 19 at home 7
288	getting covid 19 results
288	oh covid test
288	I want to see about getting a covid test
288	how long does it take to get a rapid covid 19 test
288	need Test covid test
288	how much are your ass problem covid test
288	yes covid test
288	call back covid testing sick child
288	need covid testing
288	I would like a covid test
288	covid 19 Rapid Test
288	I would like to know the price for testing
288	does it cost to get a covid 19 testing out of state
288	need to know all the covid 19 work best
288	covid testing 45 people
288	I need to get tested for covid
288	where can I get a a covid C. P. R. Test
288	I need to get covid tested
288	how fast can I get my covid results
288	almost 0 a test a covid testing
288	I would like to see at what date or time she do covid testing
288	what at home covid test
288	when having a covid test Is it tested for across and
288	covid test for
288	I would like to get covid testing
288	there is a a covid test
288	do I have to pay for it a test to see if I have covid
288	I need a covid 19 Test
288	I have a test of covid
288	Covid Rapid Test
288	all right covid testing
288	does have any cell testing home kits for covid 19
288	I'm looking to find an at home covid test
288	I need to know when my covid test results will be ready
288	book a covid test
288	to have covid for testing to
288	testing covid testing
288	questions about covid 19 testing
288	because the test I need a covid Kerr
288	I want to get tested for covid 19
288	I would like to know if I can get a covid test at the C. B. S. that's 590
288	need to get the cost of the test
288	book a covid P. C. R. Test
288	the covid testing
288	request the covid test
288	covid testing question
288	Covid Texas testing
288	I would like to get tested for covid
288	Is are over the counter covid testing you could do at home
288	the cost of testing
288	I was told to you that you give testing near covid testing
288	Information on covid testing
288	I need covid tested
288	Cancel covid test
288	covid test please
288	I need a instant covid test
288	is there any availability billet de for a covid test
288	I do like to make a test for covid
288	availability or covid
288	is there covid testing for kids
288	I need a rapid covid test on December 27 do you have that available
288	ordering instead covid test
288	Will at home covid test
288	covid 19 P. C. R. Test
288	I love to have a covid test
288	bracket covid test
288	confirming covid 19
288	one to get a covid test
288	I need to find out about my covid
288	covid 19 rapid test
288	I wanted to get a covid test
288	are you giving tests for covid 19
288	wanted to check to see if you have free covid testing
288	I'm interested in getting tested for Covid
288	if you were exposed yesterday when should you get a covid test
288	request a test for covid
288	how much does it cost to get a covid test and how fast I get it back
288	yeah a covid test
288	I am here for my covid test
288	covid test questions
288	need help with a covid 19 test going back to Canada
288	one of covid Test
288	how long does the covid testing to come back from 
288	how old do you have to be for a covid test
288	of a covid testing
288	Do that the C. R. testing at 
288	I want to know about covid testing
288	Covid tests
288	my son needs a rapid covid test
288	need to be tested for Covid
288	I'd like to get a rapid covid test
288	I'd like to see if there is over the counter covid tests available at my local 
288	is there availability to come get a covid test
288	I'd like to come in for a covid test
288	which has does my near me offer for covid 19
288	great tested for Covid
288	I need covid testing for my T.
288	I think I may have covid
288	covid test rapid test
288	Test covid test
288	I need to get my children covid testing
288	I need a covid rapid test
288	I need to find a rapid covid test
288	I need rapid covid test results for tomorrow I'm flying out of country
288	testing for covid
288	I was wondering what you had to do or where you have to go to get the covid test
288	at I'd like to get a test at covid test please
288	check to see if they a have any at home covid S.
288	want to take a covid test 29
288	any need to know when I should take a covid test
288	do yall give the covid test
288	we need a fast covid test
288	how much is a covid test if I don't have insurance
288	I want to get a covid testing then
288	I'm looking to get a covid test for a minor
288	I need to be tested for Covid
288	can I get a a covid 19 test
288	what is the turnaround time for covid testing
288	I like to see about getting tested for the covid
288	can I get a covid test
288	I want to know about getting a covid 19 P. C. R. Test
288	check in for covid testing
288	Is there an R. T. P. C. R. covid test to be done and the location
288	I would like to get a covid test today
288	does W. a paper to covid test
288	covid 19 rapid testing price
288	what a covid test
288	how long are they doing testing at the site covid testing
288	need covid test
288	Cost of for a covid test
288	not sure if I need the covid test they're not
288	can we come out there to get a covid test
288	I need to get a covid test I was exposed to covid
288	I'm checking to see if my husband can get a covid test on Friday for some surgery is going to have on Monday
288	when can I get tested for covid
288	what kind of covid test you give is it rapid or is it a P. C. R. Test
288	cost for covid testing
288	I'd like to get an earlier covid test
288	I'd like to find out about taking the covid test
288	covid 19 testing price
288	I want to get to a covid test
288	I want a covid test
288	it's a covid test 3
288	I am looking for a home covid 19 test or any available
288	Rapid covid 19 I'm to get and tests
288	I have a question about covid testing
288	I need to get itself covid 19 testing
288	how long does it take to get the results of if you take a covid test
288	covid testing rapid
288	can I get covid tested to night
288	when should you get tested for covid
288	does the rapid test cost money
288	my son needs tested for Covid
288	Covid rapid test
288	do you have the tests to find out if I have covid
288	I need information about a covid test
288	question regarding a covid test
288	I need to get my son tested for Covid
288	how long does it take to get test results on covid
288	how can I get covid results printed on a paper
288	but covid testing
288	hi Mike tomorrow with give the pass for covid to find out if you've got the covid or long
288	pediatric covid
288	Covid P. C. R. Test
288	do yall do rapid covid test
288	would like to get a covid test done
288	I need to talk to someone about a P. C. R. covid test
288	did you testing for covid 19
288	covid test Information
288	availability of the covid testing
288	I'm looking for another home covid 19 test U. K. even
288	I'm just going to get back to a covid test for prevent
288	wanted to find out how much does it cost to get a covid test
288	at home covid 19 tests
288	but testing covid testing
288	what type of covid testing do you do
288	covid $19 availability
288	we want to get a covid test
288	are you definitely doing covid 19 testing at this location
288	how much are the over the counter covid test
288	if I get tested for covid how long does it take for the tests to come back
288	hello I wanted to know the did covid test
288	I need to know the the platform of covid testing that you do
288	I'm trying to get a covid test as soon as possible
288	question about the covid test
288	home testing kits a covid 19
288	I'd like to get a covid P. C. R. Test
288	can I buy an at home covid test at 
288	Kirk shooting a covid test
288	I would like to come in for a covid test
288	I need testing for covid
288	how much is a covid test
288	questions regarding covid test for trouble
288	how much does the test calls
288	covid 19 so shocked eligibility
288	I need the covid testing
288	record a covid testing
288	Is covid 19 testing
288	what is the cost of a covid test for travel
288	how long erected covid test
288	might have been exposed to covid but I have no symptoms Do I need a test
288	I'd like to take a test to see if I have covid
288	how do you have the cell covid self test
288	question on a covid testing
288	I have a question about a covid test
288	I need to have a covid test that I needed with the results within 15 minutes
288	what do you know if you're covid testing is the rapid
288	Covid home tests
288	covid testing Is it free
288	who qualifies for a free covid test
288	wait a covid test
288	covid testing P. C. R. Test
288	need made covid 19 test
288	I would like an immediate covid test
288	is the covid test free
288	Rapid covid testing
288	Do you give a Q. R. code for a covid test
288	does it cost to have a covid testing done
288	checking on my wife's covid test results
288	how long does it take to get covid test results that
288	how oh do you have to be to get a covid test
288	would like to book a covid test
288	Cost of a covid test
288	how much is a covid rapid test
288	get a covid test with in 2004 hours
288	covid 19 testing take home tests
288	want a covid test
288	what's the latest you do covid testing
288	covid 19 testing test
288	where do I go for my covid test
288	if I'm not Canadian can I get a free test for covid
288	I like to take the covid test
288	you had covid 19 rapid test kits at the pharmacy in Bangor PA
288	make an appointment for a covid 19 sure R.
288	can I get a covid test done there
288	Covid Test results
288	are the covid says free
288	question about covid testing
288	I need to find out about testing availability for covid of a covid test
288	covid 19 rapid tests
288	I need a covid 19 test
288	covid testing for non resident
288	it covid testing
288	I'm calling up about a covid test
288	rapid results covid 19 testing
288	get get tested for covid
288	at all goodbye okay tell covid test
288	a covid test please
288	I want to get a covid test that I can take home
288	how long does it get it take to get the results back for a covid test
288	I want to get tested for covid
288	Cost of P. C. R. testing
288	all right to state a covid test
288	how do I get a covid test
288	I need to ask a question about covid testing
288	covid 19 Test
288	covid testing today availability
288	over the counter a covid test
288	how do I get a rapid covid test
288	over the counter covid 19 test
288	free covid test
288	is the covid testing at this location 3
288	can you get a covid test is there
288	I need a rapid covid 19 test
288	what is the response time on a covid test at 
288	how to I get set up for the covid testing
288	I need to have a covid test
288	I think I need a covid test
288	I want to know about covid test I P. P. C. R. Test
288	covid check test
288	covid 19 testing available today
288	over the counter covid test
288	looking to get a free covid test
288	I'm calling for covid testing
288	the covid test
288	testing the availability of covid
288	availability for covid test
288	does can V. covid antigen tests
288	at home covid rapid tests
288	can I get a covid test 29
288	I would like to come in for a test the covid 19
288	covid testing are and for today
288	how much does the how much does the tests cost
288	covid at home testing
288	I would like to take a covid test
288	how much does it cost for a covid test
288	I would like to get a rapid covid 19 do it yourself Test
288	trying to get tested for covid
288	thank covid testing
288	Cost of the test
288	how much is covid rapid tests
288	I'd like to get a covid test
288	I want to see about covid 19 testing at T. S. on old Georgetown road in north processes
288	testing for a covid 19
288	guide you a covid test
288	covid testing results
288	tech covid test
288	request for a test a covid test
288	hello to be tested for Covid
288	a covid test questions
288	covid test availability
288	covid testing availability
288	I need to find out where I can get the home tests covid test kit
288	sure can I get a covid test
288	how long does it take to get a test result from a covid test
288	like to know if you do any testing for the covid
288	I have to go for a test for the covid
288	get a covid test
288	Rapid covid test
288	I need a covid test
288	covid testing
288	covid test
288	take a covid test
288	covid 19 test
288	Covid Test
288	I need a rapid covid test
288	covid 19 testing
288	I want to get a covid test
288	covid test results
288	I need to get a covid test
288	covid testing availability
96	schedule booster shot
96	I'd like to schedule for a booster shot
96	Cancel booster
96	I wanna make a schedule for a booster shot
96	cancel a booster vaccine Appointment
96	how do you schedule booster shot
96	I have to cancel my booster shot but tomorrow I have a mobile line
96	I need to cancel 2 booster shot appointments
96	I need to schedule a booster shot for me and my husband and I don't drive so has to be the same time the same day
96	good 0 a booster shot Appointment
96	I'm I'm calling about getting a an appointment for a the booster shot
96	schedule appointment for the booster shot
96	I need to set up an appointment for advisor booster shot
96	what time are you a booster shot
96	booster shot Appointment
96	how do I cancel a an appointment for a booster shot
96	I would like to make an appointment for a booster shot 5 or booster shot
96	wanted to sit set up an appointment for a booster shot
96	good thank the booster shot at I would like to schedule appointment
96	all like to schedule the L. a booster vaccination shot
96	I'd like an appointment for the booster shot
96	I just called awhile ago and I want to know how I can go back to schedule for a covid and third shot the booster shot
96	all right to make appointment for the single shot
96	I need an appointment for my covid 19 vaccine booster shot
96	scheduled a an appointment for booster shot
96	cancel a booster
96	schedule a booster shot I
96	I not just no how I can make an appointment with the booster shot
96	can I make an appointment for to get booster shot tomorrow
96	I want to schedule a booster shot
96	Illinois is this pharmacy is the 850 booster shot
96	I schedule it appointment for a booster shot
96	I want to schedule a booster shot for Friday December 17
96	I need to make to appointment for the booster shot
96	I need an appointment for my booster shot
96	scheduled booster shot Appointment
96	how to schedule booster shot
96	appointment for booster shot
96	I make appointment for a booster shot
96	I would like to make an appointment for a covid 19 booster shot
96	scheduling at scheduling at appointment 4 is my booster shot
96	I have an appointment at 430 for a booster shot I was wondering if I could come in earlier
96	can I wanted to schedule a booster shot
96	schedule a booster shot
96	all I want to schedule a booster shot
96	cannot schedule a booster shot
96	I schedule an appointment for a booster shot
96	I need to cancel appointment for the booster
96	okay to schedule a booster shot
96	need to know do I need an appointment for a booster shot
96	re scheduling booster shot
96	schedule appointment booster shot
96	I'm like to schedule a booster shot
96	when am I eligible for a booster shot
96	I'm calling with regard to the booster shot that I had in October my doctor wants to see specific proof
96	cancel a covid booster shot appointment
96	I want to change my appointment for the booster shot
96	scheduling my booster shot
96	I'm calling about an appointment for a fee 50 booster vaccine shot
96	I need to schedule for booster shot
96	I need to schedule an appointment for a vaccine a booster
96	I would like to schedule the booster shot
96	need to verify an appointment for a vaccine booster
96	booster vaccination scheduled appointment
96	I would like to schedule an appointment for a blue shot and a booster shot
96	scheduled booster shot
96	I'd like to confirm an appointment for a 1216 far booster shot
96	to schedule an appointment for booster shot
96	I need to cancel vaccine booster shot
96	schedule an appointment for booster N. a vaccine
96	I was wondering if you given booster X. shots and if you have to have an appointment
96	appointment time for booster shot
96	hi I want to schedule a free booster a 50 booster shot
96	I wish to speak to a pharmacist regarding the shot
96	scheduled R. booster shot
96	I would like to schedule a new or an appointment for a booster shot
96	scheduling appointments for booster shot
96	cancel a booster shot
96	I need to schedule my booster shot
96	I like to schedule a booster shot
96	I need to schedule booster shot
96	do you have availability for booster shot today
96	I would like to schedule a booster shot
96	I would like to make an appointment for my booster shot
96	scheduled for booster shot
96	I like to make an appointment for booster shot
96	a scheduled for a booster shot
96	scheduled for a cold booster shot
96	a booster shot schedule
96	appointment for my second covert shot
96	what is scheduled booster shot
96	I'd like to make an appointment for covid booster shot
96	can I schedule for to night or 2 more who booster shot
96	an appointment for a booster shot
96	all right scheduled and board booster shot
96	schedule a booster shot for tomorrow
96	do I have to have an appointment to get the booster shot or can I just come over and get it
96	I'd like to cancel an appointment for a booster on for 1216
96	schedule booster A. N. through shot
96	booster shot schedule
96	I want to schedule a booster shot for myself and my husband
96	I would like to make an appointment to have a booster shot
96	need to schedule booster shot
96	not the customer's talk to the pharmacy about booster shot
96	I need to schedule an appointment for the booster shot
96	schedule a schedule for booster shot
96	schedule with third booster shot
96	I need to schedule an more during a booster shot
96	need booster shot scheduling
96	appointment for codes and shot
96	I'd like to schedule a booster shot
96	I want to confirm my appointment for a booster shot tonight at 930
96	scheduled with during the booster shot
96	what are your hours for receiving the booster shot
96	scheduling for booster shot
96	I want to reschedule a booster shot
96	what is scheduled appointment for booster shot
96	booster shot scheduled
96	reschedule booster shot
96	appointment for a booster shot
96	schedule an appointment for vaccine booster shot
96	I would like to schedule a an appointment from my booster shot
96	I'm calling to schedule to get my booster shot
96	I would like to schedule a an appointment for 18 booster shot
96	appointment set up for the booster shot
96	a booster shot scheduling
96	scheduled appointment for booster shot
96	can you schedule booster shot
96	do I have to have an appointment to get a booster shot
96	I want to cancel a booster shot 22 list
96	I need to schedule appointment for my booster shot
96	cancel a booster vaccine appointment
96	scheduled for a booster shot
96	booster shot appointment A. N. flu shot Appointment
96	I need to schedule a booster shot
96	do I have to get our schedule for a booster shot Covid booster shot
96	to schedule all booster shot
96	how do I schedule a booster shot
96	I want to schedule for the booster shot
96	I would like to know if I received a flu search shop order a booster shot
96	to make an appointment for the does the shot
96	what appointment for booster shot
96	when is my appointment my booster shot
96	I would like to make and scheduled for booster shot Madonna booster shot
96	scheduled mine in my husbands appointment for a booster shot
96	scheduled a booster shot
96	cold calling to find out my appointment for my booster shot
96	speak to someone about scheduling a booster shot
96	I need an appointment to get booster shot
96	booster shots appointment
96	I need to cancel my booster shot
96	I would like to schedule my booster shot
96	I need to schedule the booster shot vaccination
96	I need to schedule to booster shot
96	I have to cancel appointment on December 21 for a booster shot at your end Sonia store
96	scheduled an appointment for a booster shot
96	set up a appointment for booster shot
96	schedule an appointment for a booster shot
96	yes my 7 Hard like to get a booster shot for him can you schedule him for today or tomorrow
96	I want to schedule a appointment to get to booster shots one for me one for my wife
96	Appointment booster shot Monday 9
96	I like to schedule an appointment for the booster shot
96	make an appointment for this the shot
96	trying to schedule and the booster shot
96	I'm looking to make an appointment for a booster shot
96	can I get a back up can I get a booster shot without an appointment
96	thank you schedule a booster shot
96	I want to schedule an appointment for my booster shot
96	highland to make an appointment for a booster shot
96	hello Megan scheduled for taking a booster shot
96	I like to make an appointment for my booster shot
96	make an appointment for the vaccine and one for the booster shot
96	I'm looking to so I get an appointment for a booster shot
96	call the 19 booster shot schedule
96	want to schedule booster shot
96	I want to schedule for a booster shot
96	I need to schedule for the booster shot
96	I wanna make an appointment to get that that booster shot
96	I don't know if I need an appointment for the booster shot
96	schedule 50 booster shot
96	I'd like to know if I can schedule a booster shot
96	I would like to schedule an appointment for a booster shot
96	I want to schedule for booster shot
96	scheduling for a booster shot
96	I want to get an appointment for my booster shot
96	we need to cancel appointment for a booster
96	schedule booster shot appointment
96	I would like to have a scheduled for booster shot
96	well I'm what I'm interested in and scheduling I'm a booster 5 here booster shot
96	to schedule my booster shot for my 5 year
96	I need to schedule on the darn a booster shot
96	schedule for booster shot
96	I'd like to schedule appointment for booster shot
96	scheduling for the shot the booster shot
96	I want to get that scheduled for 4 booster shot
96	scheduled Chart booster shot
96	do you have any available appointments for a booster shot tonight
96	like to schedule a booster shot
96	I want to schedule 052 booster shot
96	tried to schedule booster shot
96	I need to to make to schedule 2 gaps in the Moderna vaccine booster bar myself and my husband
96	schedule for booster vaccine Appointment
96	scheduled my booster shot
96	I want to know what days I can do a booster shot
96	Do I need to set up a an appointment to get a booster a vaccine for 5 better
96	I'd like to make an appointment for a booster shot
96	I need to schedule a 5 for booster shot
96	I need to make to covid booster shot appointment set for Wednesday
96	appointment for booster shot an appointment for D.
96	I would like to schedule closing for the booster shot
96	I would like to schedule appointment for booster shot
96	I need to schedule an appointment for the Moderna booster shot
96	tell me what I have to do to schedule appointment your call the Jack booster shot
96	I just want to confirm my booster vaccine Appointment
96	I would like cat booster shot Appointment
96	I have an appointment on December 21 and I want to make sure it's for a booster shot and not just the regular vaccine
96	schedule a shot a booster
96	make an appointment for the booster shot
96	I'm calling to make an appointment to have the booster vaccine
96	I want to make an appointment for for my booster shot
96	scheduling back booster shot
96	make an appointment for booster shot
96	I want to cancel an appointment for the booster shot for my wife
96	I need to make an appointment for a 5 user booster shot
96	I want to set up an appointment to get a shot
96	Cancel booster shot
96	make a appointment for a booster shot
96	can you booster shot today
96	oh to schedule a booster shot
96	I need to know if I can come get my booster shot late
96	first let's get my booster shot at 4:00 I just wanna confirm that
96	hi I schedule an appointment for booster shot
96	change appointment for booster vaccine
96	what time is my booster shot today
96	I am interested in scheduling a booster shot
96	what are hours for vaccinations for booster shot
96	Cancel boosters appointment
96	Do I need to schedule an appointment to get a booster shot
96	I want it just a booster shot scheduled appointment for booster shot
96	I need to know the date of my booster shot
96	Do I need an appointment to get a booster shot
96	cancel a booster appointment
96	I need I want to come in and take my shot I'm a patient I mean I'm a customer
96	I would like to schedule booster shot with 
96	yes I'd like to make appointment for booster shot
96	can you schedule a booster shot
96	confirm my appointment with booster shot
96	Do booster shot Appointment
96	what times are available for vaccine booster third shot
96	scheduling a booster shot
96	scheduling mole up appointment for the booster shot
96	reschedule booster shot Appointment
96	I'm schedule a booster shot
96	Do you a my scheduled for a booster shot at 2:00 today
96	hello to schedule booster shot
96	schedule an appointment for booster shot
96	Do I need an appointment for a booster shot
96	I'd like to schedule booster shots for myself and my husband
96	do you have to have an appointment to go get your booster shot
96	I'd like to schedule an appointment for a booster shot
96	I wanna make an appointment for a booster shot for my second husband myself and my son
96	I'd like to schedule my booster shot
96	I want to know about getting an appointment for the covid Vaccine booster shot
96	schedule a an appointment for the booster shot
96	schedule appointment for booster shot
96	need appointment but booster shot
96	scheduling for the vaccine booster shot
96	just to make an appointment through booster shot from my mom
96	I want to schedule a vaccine appointment what my booster shot
96	I want to cancel a booster
96	I want to schedule booster shot
96	I have appointment at 6:00 today for both so shot I can't make it thank you at South how distracted you can't make it
96	I'd like to know when you're going to give out booster shots if I could get one
96	what is scheduled point info booster shot
96	book up Mister shot appointment
96	I'd like to schedule an appointment for a booster shot for the Moderna vaccine
96	do I have to make an appointment for the covid booster shot
96	can I schedule a booster 50 booster shot in 17 Connecticut
96	what I want to confirm my appointment for a booster shot
96	a Multiple book make appointment for both 5 shots
96	I need to cancel my booster
96	I need an appointment for a booster shot
96	I want to schedule my booster shot
96	I'm scheduled for booster shot
96	I need to schedule booster shot please Madonna
96	I want to make appointment by booster shot
96	I want to make an appointment for the booster shot
96	do you have any appointments for booster shot tomorrow
96	booster shot scheduling
96	I schedule the booster shot
96	I need to cancel a covid booster shot Appointment
96	hello to schedule a booster shot
96	Cancel around booster shot
96	pilots Elizabeth scheduling a booster shot
96	I would like to schedule an appointment for my booster called each shot
96	Do I come in the store to get my booster shot
96	scheduling booster shot
96	how do I set up an appointment to get my covid booster shot 5 year
96	I need a booster shot I missed my appointment
96	do I have to schedule appointment for a booster shot
96	update scheduled time service booster shot
96	I want to make an appointment for a booster shot
96	I would like to schedule booster shot
96	I need to make an appointment with the booster shot
96	thank appointment for the booster shot
96	cancel my booster shot Appointment
96	I have a appointment for a booster shot I need to and talk to a pharmacist
96	one of several booster shot Appointment
96	booster shot scheduler
96	I would like to make an appointment for a covid booster shot
96	I need a booster shot schedule
96	make an appointment for a booster shot
96	I want to make an appointment for my booster shot
96	we schedule my booster shot
96	how do I go about getting the booster shot vaccine
96	scheduling cold it booster shot
96	how like to schedule appointment on booster shot
96	check my check my scheduled for booster shot
96	an appointment for booster shot
96	need to cancel an appointment I made for booster shot today
96	looking for an appointment for the covid booster shot
96	I need to schedule the booster shot
96	cancel appointment for both to shot
96	scheduling the booster shot
96	are you scheduling booster shot
96	I want to schedule a booster shot for me and in my who
96	I need to reschedule for a booster shot
96	I was wondering if you need to know appointment to get a booster shot
96	schedule a booster shot Appointment
96	appointment for a brochure shot
96	I'm calling to schedule a booster shot
96	I would like to set up an appointment for a booster shot
96	get a booster shot Appointment
96	I'd like to schedule booster shot for Wednesday
96	schedule booster shot Appointment
96	scheduling for my booster shot
96	I want to schedule the booster shot
96	need appointment for booster shot from my husband and myself
96	confirm scheduled booster shot appointment
96	scheduled a 50 booster shot
96	I'd like to know what your schedule is 40 giving booster shot
96	I'm trying to schedule a booster shot
96	cancel booster Appointment
96	thanks in the shot Appointment
96	I need to schedule a booster shot I've had my 2 shots already and I need to schedule booster shot
96	I had schedule a booster shot N. added cancel at and I just got a notice
96	I would like to know if I have to have an appointment to get a booster shot
96	to schedule appointment for booster shot this
96	can I make an appointment for a booster shot
96	rash schedule booster shot
96	I want to find the date that I got my booster shot at the pharmacy
96	what is scheduled for the booster shot please
96	like to schedule of a booster shot
96	schedule my booster shot
96	want to schedule a booster shot
96	would like a booster vaccine appointment for myself and my daughter
96	I like to schedule our booster shot Appointment
96	I want to make sure that my appointment on the 20 at this for a booster shot
96	I'd like to know when you're doing the booster shot there
96	I'd like to schedule a third booster shot of this get more from another
96	I schedule my booster shot
96	can we schedule an appointment for a booster shot at the on W.
96	I'm trying to schedule a booster shot 8 grand which New York
96	is the booster appointment the same as the vaccine appointment
96	set up an appointment for booster shot
96	when can I get a booster shot
96	make appointment for booster vaccinated vaccinated today
96	scheduled booster shot please
96	do you have to make an appointment to get the booster vaccine
96	schedule booster shot
96	booster shot Appointment
96	I want to schedule a booster shot
96	appointment for booster shot
96	schedule a booster shot
96	cancel a booster shot
96	I need to schedule my booster shot
96	I would like to schedule a booster shot
96	I'd like to schedule a booster shot
96	scheduling for booster shot
96	I need to schedule a booster shot
96	scheduling a booster shot
96	booster shot scheduling
96	scheduling booster shot